{
    "1": {
        "sentiment_label": "positive",
        "text_of_tweet": "All across America people chose to get involved, get engaged and stand up. Each of us can make a difference, and all of us ought to try. So go keep changing the world in 2018.",
        "tweet_url": "https://twitter.com/BarackObama/status/946775615893655552"
    },
    "2": {
        "sentiment_label": "positive",
        "text_of_tweet": "Just finished a great book! Highly recommend it to anyone interested in history.",
        "tweet_url": "manually created"
    },
    "3": {
        "sentiment_label": "negative",
        "text_of_tweet": "This is the worst service I've ever experienced. Never coming back!",
        "tweet_url": "manually created"
    },
    "4": {
        "sentiment_label": "positive",
        "text_of_tweet": "So grateful for all the love and support from my friends and family. Couldn't have done it without you!",
        "tweet_url": "manually created"
    },
    "5": {
        "sentiment_label": "neutral",
        "text_of_tweet": "I'm going for a walk in the park later today.",
        "tweet_url": "manually created"
    },
    "6": {
        "sentiment_label": "negative",
        "text_of_tweet": "I can't believe how rude the staff was at that restaurant. Totally ruined my evening.",
        "tweet_url": "manually created"
    },
    "7": {
        "sentiment_label": "positive",
        "text_of_tweet": "Just got promoted at work! Hard work really does pay off.",
        "tweet_url": "manually created"
    },
    "8": {
        "sentiment_label": "neutral",
        "text_of_tweet": "Watching the new documentary on Netflix tonight. I'll let you know my thoughts.",
        "tweet_url": "manually created"
    },
    "9": {
        "sentiment_label": "negative",
        "text_of_tweet": "This product broke after just one use. Complete waste of money.",
        "tweet_url": "manually created"
    },
    "10": {
        "sentiment_label": "positive",
        "text_of_tweet": "Spent the day at the beach with my family. Perfect day!",
        "tweet_url": "manually created"
    },
    "11": {
        "sentiment_label": "neutral",
        "text_of_tweet": "Reading about the latest tech innovations. There have been a lot of new developments.",
        "tweet_url": "manually created"
    },
    "12": {
        "sentiment_label": "negative",
        "text_of_tweet": "The traffic today was unbearable. Took me whole two hours to get home.",
        "tweet_url": "manually created"
    },
    "13": {
        "sentiment_label": "positive",
        "text_of_tweet": "Just adopted a puppy! So excited to welcome this little guy into our home.",
        "tweet_url": "manually created"
    },
    "14": {
        "sentiment_label": "neutral",
        "text_of_tweet": "Attending a conference on climate change later this week. Various topics are going to be discussed.",
        "tweet_url": "manually created"
    },
    "15": {
        "sentiment_label": "negative",
        "text_of_tweet": "The movie was a complete disappointment. Waste of time and money.",
        "tweet_url": "manually created"
    },
    "16": {
        "sentiment_label": "positive",
        "text_of_tweet": "Celebrating my birthday with friends and family. Best day ever!",
        "tweet_url": "manually created"
    },
    "17": {
        "sentiment_label": "neutral",
        "text_of_tweet": "Trying out a new recipe for dinner tonight. We'll see how it goes.",
        "tweet_url": "manually created"
    },
    "18": {
        "sentiment_label": "negative",
        "text_of_tweet": "The flight was delayed for hours. Worst travel experience ever.",
        "tweet_url": "https://twitter.com/FrustratedTraveler/status/901234567890123456"
    },
    "19": {
        "sentiment_label": "positive",
        "text_of_tweet": "Just finished a 10k run! Feeling amazing and accomplished.",
        "tweet_url": "manually created"
    },
    "20": {
        "sentiment_label": "neutral",
        "text_of_tweet": "Listening to a podcast about space exploration. So much new information...",
        "tweet_url": "manually created"
    },
    "21": {
        "sentiment_label": "negative",
        "text_of_tweet": "The customer service was terrible. They didn't resolve my issue at all.",
        "tweet_url": "manually created"
    },
    "22": {
        "sentiment_label": "positive",
        "text_of_tweet": "Just got engaged! Best day of my life!",
        "tweet_url": "manually created"
    },
    "23": {
        "sentiment_label": "neutral",
        "text_of_tweet": "Would you like to watch the sunset at the park with me tonight?",
        "tweet_url": "manually created"
    },
    "24": {
        "sentiment_label": "negative",
        "text_of_tweet": "The food at the restaurant was cold and tasteless. Never going back.",
        "tweet_url": "manually created"
    },
    "25": {
        "sentiment_label": "positive",
        "text_of_tweet": "Yesterday I graduated from college! So proud of this achievement.",
        "tweet_url": "manually created"
    },
    "26": {
        "sentiment_label": "neutral",
        "text_of_tweet": "Reading a new article about AI advancements. The content is very informative.",
        "tweet_url": "manually created"
    },
    "27": {
        "sentiment_label": "negative",
        "text_of_tweet": "The concert was canceled last minute. So disappointed.",
        "tweet_url": "manually created"
    },
    "28": {
        "sentiment_label": "positive",
        "text_of_tweet": "Just got a new job! Excited for this new chapter in my life.",
        "tweet_url": "manually created"
    },
    "29": {
        "sentiment_label": "neutral",
        "text_of_tweet": "Watching a movie about ancient civilizations. Very educational.",
        "tweet_url": "hmanually created"
    },
    "30": {
        "sentiment_label": "negative",
        "text_of_tweet": "The hotel room was dirty and smelled bad. Worst stay ever.",
        "tweet_url": "manually created"
    },
    "31": {
        "sentiment_label": "positive",
        "text_of_tweet": "Finished a marathon! So proud of myself.",
        "tweet_url": "manually created"
    },
    "32": {
        "sentiment_label": "neutral",
        "text_of_tweet": "Ariana Grande is releasing a new album next month.",
        "tweet_url": "manually created"
    },
    "33": {
        "sentiment_label": "negative",
        "text_of_tweet": "The package arrived damaged. Very frustrating.",
        "tweet_url": "manually created"
    },
    "34": {
        "sentiment_label": "positive",
        "text_of_tweet": "Just got married! Best moment of my life!",
        "tweet_url": "manually created"
    },
    "35": {
        "sentiment_label": "neutral",
        "text_of_tweet": "Netflix has just announced an new TV series that is set to release next year.",
        "tweet_url": "manually created"
    },
    "36": {
        "sentiment_label": "negative",
        "text_of_tweet": "The service at the cafe was slow and the coffee was cold.",
        "tweet_url": "manually created"
    },
    "37": {
        "sentiment_label": "positive",
        "text_of_tweet": "Today I got a new car! So excited to hit the road.",
        "tweet_url": "manually created"
    },
    "38": {
        "sentiment_label": "neutral",
        "text_of_tweet": "Reading a book about mindfulness. Very insightful.",
        "tweet_url": "manually created"
    },
    "39": {
        "sentiment_label": "negative",
        "text_of_tweet": "The flight was overbooked and I got bumped. Terrible experience.",
        "tweet_url": "manually created"
    },
    "40": {
        "sentiment_label": "positive",
        "text_of_tweet": "Excited to share that I've been promoted! Grateful for the opportunities and growth",
        "tweet_url": "manually created"
    },
    "41": {
        "sentiment_label": "neutral",
        "text_of_tweet": "Watching a documentary about wildlife. It covers various aspects of nature.",
        "tweet_url": "manually created"
    },
    "42": {
        "sentiment_label": "negative",
        "text_of_tweet": "The product didn't work as advertised. Very disappointed.",
        "tweet_url": "manually created"
    },
    "43": {
        "sentiment_label": "positive",
        "text_of_tweet": "Just got a kitten! So excited to have a new furry friend.",
        "tweet_url": "manually created"
    },
    "44": {
        "sentiment_label": "neutral",
        "text_of_tweet": "Listening to a podcast about productivity. It provides many useful tips.",
        "tweet_url": "manually created"
    },
    "45": {
        "sentiment_label": "negative",
        "text_of_tweet": "The restaurant was overpriced and the food was mediocre.",
        "tweet_url": "manually created"
    },
    "46": {
        "sentiment_label": "positive",
        "text_of_tweet": "Finished a great workout! Feeling energized.",
        "tweet_url": "manually created"
    },
    "47": {
        "sentiment_label": "neutral",
        "text_of_tweet": "Reading about the latest trends in fashion before going to the fashion show tonight.",
        "tweet_url": "manually created"
    },
    "48": {
        "sentiment_label": "negative",
        "text_of_tweet": "The event was poorly organized. Very disappointing.",
        "tweet_url": "manually created"
    },
    "49": {
        "sentiment_label": "positive",
        "text_of_tweet": "Just got a new house! So excited to move in.",
        "tweet_url": "manually created"
    },
    "50": {
        "sentiment_label": "neutral",
        "text_of_tweet": "Scientists discovered a new type of organism in the depths of the ocean.",
        "tweet_url": "manually created"
    }
}